fecha_carga,codigo_cliente,cliente,tipo_comprobante,numero_comprobante,fecha_comprobante,detalle,monto,moneda,motivo,vendedor,obs,fecha_generada_nc,numero_nc,realizo,observaciones,estado
2025-12-01,1,27 DE JULIO SRL.,FA,51737,,TOTAL,,PESOS,CAMBIO DE MONEDA,KEVIN,,2025-12-01,,SEBASTIAN,,pendiente
2025-12-01,9365,COLONIA MARTIN,PRES,30111,,TOTAL,,PESOS,CAMBIO DE RAZON SOCIAL,CARLOS,,2025-12-01,,SEBASTIAN,,pendiente
2025-12-01,6973,OLIVOS DEL CARMEN SA,FA,51407,,TOTAL,,PESOS,CAMBIO DE MODELO,CARLOS,,2025-12-01,,SEBASTIAN,,pendiente
2025-12-02,7125,ALMA SRL,FA,51733,,TOTAL,,PESOS,CAMBIO DE REDUCTOR,CARLOS,,2025-12-02,,SEBASTIAN,,pendiente
2025-12-04,2824,SUR TECNICA DE PABLO LUCIO GONZALEZ,PRES,30319,,TOTAL,,PESOS,CAMBIO DE PEDIDO,KEVIN,,2025-12-05,,SEBASTIAN,,pendiente
2025-12-04,5820,ARECSU S.A.,FA,51790,,TOTAL,,PESOS,ERROR EN EL PEDIDO DEL MATERIAL,CARLOS,,2025-12-05,,SEBASTIAN,,pendiente
2025-12-04,8887,GERMAN CARISTIA,PRES,30000,,TOTAL,,PESOS,REALIZAR NUEVAMENTE A NOMBRE DE TALLER CARISTIA,HUGO,,2025-12-05,,SEBASTIAN,,pendiente
2025-12-04,8887,GERMAN CARISTIA,PRES,30006,,TOTAL,,PESOS,REALIZAR NUEVAMENTE A NOMBRE DE TALLER CARISTIA,HUGO,,2025-12-05,,SEBASTIAN,,pendiente
2025-12-04,8887,GERMAN CARISTIA,PRES,30012,,TOTAL,,PESOS,REALIZAR NUEVAMENTE A NOMBRE DE TALLER CARISTIA,HUGO,,2025-12-05,,SEBASTIAN,,pendiente
2025-12-04,8887,GERMAN CARISTIA,PRES,30267,,TOTAL,,PESOS,REALIZAR NUEVAMENTE A NOMBRE DE TALLER CARISTIA,HUGO,,2025-12-05,,SEBASTIAN,,pendiente
2025-12-05,1099,INDUSTRIAS CHIRINO S.A.,FA,51629,,POLEA,,PESOS,DEVOLUCIÓN POLEA,TUCCI,D,2026-12-05,5644,SEBASTIAN,,generada
2025-12-05,9253,METALURGICA ARIEL ESPINOSA,PRES,30334,2025-12-05,TOTAL,,PESOS,"CAMBIA FORMA DE PAGO, SE REALIZA NUEVO PRESUPUESTO",KEVIN,,2025-12-05,1697,FABIAN,,generada
2025-12-05,72,ROBERTO ALCARAZ S.A.,FA,51670,2025-11-26,REDUCTOR NFCN63 REL 1/10,98900,PESOS,DEVOLUCION,DEBRA,D,2026-02-12,5748,SEBASTIAN,,generada
2025-12-05,9049,VIÑEDOS VHYNEA S.A.,FA,51561,2025-11-19,TOTAL,,PESOS,SE FACTURARON OTROS PRODUCTOS,CARLOS,,2025-12-29,5677,SEBASTIAN,,generada
2025-12-05,8662,BICOCCA PABLO DAMIAN,FA,51839,2025-12-05,TOTAL,27.3,USD,CAMBIO EN LAS MEDIDAS,CARLOS,C,2026-02-12,5749,SEBASTIAN,FACTURA,generada
2025-12-10,4848,VERON MIGUEL ANGEL,PRES,30360,2025-12-10,VARIADOR TRIFASICO,266,USD,DEVOLUCION,CARLOS,D,2025-12-29,1709,SEBASTIAN,,generada
2024-01-11,1793,RPB. S.A.,FA,369,,TOTAL,,PESOS,SE REFACTURA,HUGO,,,,,,pendiente
2024-01-11,1793,RPB. S.A.,FA,374,,TOTAL,,PESOS,SE REFACTURA,HUGO,,,,,,pendiente
2025-12-15,3598,BODEGAS SALENTEIN S.A.,FA,49976,2025-08-18,TOTAL,2182.88,USD,ERROR DE FACTURACION,JONATAN,E,2025-12-17,5657,SEBASTIAN,,generada
2025-12-17,7545,FRANCISCO NOCETTI,PRES,30406,2025-12-16,CADENA C2060H - CANT 5MTS,227.5,USD,DEVUELVE 5MTS,KEVIN,D,2025-12-17,1704,SEBASTIAN,,generada
2025-12-17,2891,ELECTROMECANICA BOTTINO S.A.,FA,51915,2025-12-11,TOTAL,21.96,USD,SE REFACTURA,KEVIN,,2025-12-19,5663,SEBASTIAN,,generada
2025-11-28,8201,CARDENAS DANIEL,FA,51705,,ANILOS EJE 25MM,9.84,USD,DEVOLUCION,CARLOS,D,2025-12-19,5665,SEBASTIAN,,generada
2025-11-28,8201,CARDENAS DANIEL,FA,51705,,CPR ELITE PIAZ COD 068,162.48,USD,DEVOLUCION,CARLOS,D,2025-12-19,5665,SEBASTIAN,,generada
2025-11-28,8201,CARDENAS DANIEL,FA,51705,,EJE DE SALIDA WMI063,25.46,USD,DEVOLUCION,CARLOS,D,2025-12-19,5665,SEBASTIAN,,generada
2025-11-20,8201,CARDENAS DANIEL,FA,51595,,BRIDA DE SALIDA LARGA WMI 063,16.54,USD,DEVOLUCION,CARLOS,D,2025-12-19,5666,SEBASTIAN,,generada
2025-12-19,8260,INDUSTRIAS METALURGICAS NAVAS SA,FA,52109,,TOTAL,11.8,PESOS,CAMBIO DE MONEDA,KEVIN,E,2026-02-18,5763,SEBASTIAN,,generada
2025-12-22,4607,AGROINDUSTRIAS CIALPIL S.A,FA,52126,,TOTAL,96.93,PESOS,MAL FACTURADA EN PESOS,CARLOS,E,2026-01-16,5702,SEBASTIAN,,generada
2025-12-23,6534,TERRA AGRO SA,FA,52153,,TOTAL,1195.95,USD,SE REFACTURA A TERRALOGIC,KEVIN,E,2025-12-29,5676,SEBASTIAN,,generada
2025-11-05,6944,EMANUEL CONEJERO,PRES,30032,,TOTAL,,PESOS,DEVOLUCION,KEVIN,D,2026-11-02,1759,SEBASTIAN,,generada
2025-12-24,3147,MAQUINARIAS PARA LA IND ALIMENTICIA (CPM),FA,52181,,TOTAL,287.17,PESOS,MAL FACTURADA EN PESOS,CARLOS,E,2026-01-28,5722,SEBASTIAN,,generada
2025-12-29,3988,DELLA TOFFOLA ARGENTINA S.A.,FA,52211,,REDUCTOR NFCN90 1/7.5,230.5,USD,ESE ITEM NO VA,KEVIN,E,2025-12-29,5678,SEBASTIAN,,generada
2025-12-29,8130,MAROLIO S.A.,FA,52204,2025-12-29,BANDA R3,1396,USD,SE REALIZO EN USD,JONATAN,E,2026-01-02,5680,SEBASTIAN,,generada
2026-01-03,1287,"LUCESOLE, ROBERTO CARLOS",PRES,30525,2026-01-03,MOTOR 2 HP - CANT 2,334.32,USD,CAMBIA A 1.5HP,KEVIN,C,2026-01-05,1712,SEBASTIAN,,generada
2026-01-05,6585,TECNOLOGIA Y MAQUINARIAS SA,FA,52269,2026-01-05,TOTAL,350.33,USD,ERROR EN FACTURACION,CARLOS,E,2026-01-09,5687,SEBASTIAN,,generada
2025-12-15,4915,HIERROS MALDONADO S.A.,FA,51997,2025-12-15,TOTAL,10939,USD,SE REFACTURA A SIDERCHAP,COTIZACIONES,,2026-01-09,5688,SEBASTIAN,,generada
2026-01-05,3598,BODEGAS SALENTEIN S.A.,FA,52282,2026-01-05,TOTAL,1051.49,USD,?,JONATAN,,2026-01-09,5689,SEBASTIAN,,generada
2026-01-06,8732,MARIANO VITOLONI,PRES,30542,2026-01-06,TOTAL,686.12,USD,CANCELA EL PEDIDO,KEVIN,,2026-01-09,1717,SEBASTIAN,,generada
2026-01-07,9049,VIÑEDOS VHYNEA S.A.,FA,51829,2025-12-05,CPR ELITE - CANT 2,,PESOS,DEVOLUCION,CARLOS,D,2026-02-12,5746,SEBASTIAN,,generada
2026-01-07,8634,MACHININGMG S.A.S,FA,52328,,TOTAL,,PESOS,MAL FACTURADA EN USD,CARLOS,,,,NICOLAS,,pendiente
2026-01-07,1948,TAMER INDUSTRIAL S.A.,FA,52095,2025-12-18,CADENA - CANT 3.05MTS,60.02,USD,DEVOLUCIÓN,KEVIN,D,2026-01-09,5693,SEBASTIAN,,generada
2026-01-02,5340,FRANCISCO MORENO E HIJO S.A.,FA,52242,2026-01-02,TOTAL,75.52,USD,SE CAMBIA A PRESUPUESTO,NICOLAS,,2026-01-09,5694,SEBASTIAN,,generada
2026-01-08,5340,FRANCISCO MORENO E HIJO S.A.,FA,52363,2026-01-08,TOTAL,95.64,USD,SE CAMBIA A PRESUPUESTO,NICOLAS,,2026-01-09,5695,SEBASTIAN,,generada
2026-01-09,5309,PROPEL S.A.,FA,52340,2026-01-07,MOTOR 10 HP,454.45,USD,CANCELA EL PEDIDO,KEVIN,,2026-01-09,5696,SEBASTIAN,,generada
2026-01-09,2987,EMBOT. DEL ATLANTICO S.A.,FA,52018,2025-12-16,TOTAL,1548.8,PESOS,ERROR EN LA CONFECCION DE FACTURA Y REMITO,ANDRES,E,2026-01-09,5697,SEBASTIAN,,generada
2026-01-05,8863,FACUNDO CONDORI,PRES,30531,2026-01-05,REDUCTOR NFCN50 REL A/10,83,USD,CAMBIO,COTIZACIONES,C,2026-01-16,1721,SEBASTIAN,,generada
2026-01-12,3870,AGUILA AGUILA S.R.L,PRES,30607,2026-01-09,TOTAL,243.73,USD,SE FACTURA,KEVIN,,2026-01-16,1722,SEBASTIAN,,generada
2026-01-12,8438,LA LINDA FRUIT S.A.S.,FA,52415,2026-01-12,TOTAL,269.55,USD,SE REFACTURA SOLO LA BANDA,KEVIN,E,2026-01-16,5701,SEBASTIAN,,generada
2026-01-12,7410,PRUNEXT INTERNATIONAL SAS,PRES,30466,2025-12-22,REDUCTOR,154.96,USD,DEVOLUCION,KEVIN,D,2026-01-16,1723,SEBASTIAN,,generada
2026-01-13,1591,PARQUE DE DESCANSO S.C.,FA,52482,2026-01-13,TOTAL,5.45,USD,PAGA CONTADO EN PESOS,COTIZACIONES,E,2026-01-16,5703,SEBASTIAN,,generada
2026-01-16,5873,ENZO VILLANUEVA,FA,52547,2026-01-15,CADENA 10B1,14.64,USD,DEVOLUCION,KEVIN,D,2026-01-16,5704,SEBASTIAN,,generada
2026-01-16,5241,MARCUCCI DANIEL(PROC INDUSTRIAL ),PRES,30524,2026-01-03,MOTOR 1HP X 1500 - CANT 2,232.2,USD,DEVOLUCION,KEVIN,D,2026-01-16,1724,SEBASTIAN,,generada
2026-01-14,6379,ANTONIO J RAVLIC SRL,FA,52489,2026-01-14,BARRA TEFLON NATURAL DIAMETRO 60,304.49,USD,ERROR DE PRECIO,COTIZACIONES,E,2026-01-16,5705,SEBASTIAN,,generada
2026-01-13,6379,ANTONIO J RAVLIC SRL,FA,52472,2026-01-13,BARRA TEFLON NATURAL DIAMETRO 35,64,USD,ERROR DE PRECIO,COTIZACIONES,E,2026-01-16,5706,SEBASTIAN,,generada
2026-01-16,7410,PRUNEXT INTERNATIONAL SAS,PRES,30662,2026-01-15,TOTAL,298.14,USD,DEVOLUCION,KEVIN,D,2026-02-21,1769,SEBASTIAN,,generada
2026-01-16,7140,ROBER MECANIZADOS SAS,FA,52506,2026-01-14,POLEA 2A 160 CANT 1,23.9,USD,CAMBIO POR OTRO ARTICULO,COTIZACIONES,C,2026-02-21,5775,SEBASTIAN,,generada
2026-01-16,8860,FABRICA DE FIDEOS RIVOLI SA,FA,51980,,TOTAL,,PESOS,SE REFACTURA,TUCCI,,2026-01-19,5707,SEBASTIAN,,generada
2026-01-16,6644,ARGENBELT SRL,PRES,30670,2026-01-16,TOTAL,220,PESOS,ESTA MAL LA MONEDA DE CAMBIO,NICOLAS,E,2026-02-21,1764,ESTEBAN,,generada
2026-01-16,7377,PONTONI RAUL MARTIN,FA,51993,2025-12-15,TOTAL,459,USD,DEVOLUCION,COTIZACIONES,D,2026-01-19,5708,SEBASTIAN,,generada
2026-01-20,7410,PRUNEXT INTERNATIONAL SAS,PRES,30703,2026-01-20,TOTAL,184.18,USD,ERROR EN EL PEDIDO,CARLOS,E,2026-02-21,1773,SEBASTIAN,,generada
2026-01-21,4988,ALDO E. GIMENEZ,PRES,30726,2026-01-21,TOTAL,634.62,USD,VER PERALTA,NICOLAS,,2026-02-24,1783,FABIAN,,generada
2026-01-21,4988,ALDO E. GIMENEZ,FA,52635,2026-01-21,TOTAL,522.72,USD,,NICOLAS,E,2026-02-04,5735,NICOLAS,,generada
2026-01-23,3194,OESTE EMBOTELLADORA S.A.,FA,52665,2026-01-23,TOTAL,336.99,USD,ERROR,COTIZACIONES,E,2026-02-21,???,SEBASTIAN,,generada
27/102025,2913,GREEN S.A.,FA,51151,2025-10-27,TOTAL,883.3,USD,EL CLIENTE NO RETIRÓ LA MERCADERIA,COTIZACIONES,,2026-02-24,5789,SEBASTIAN,,generada
2026-01-26,1811,SABINO DOMIZIO S.A.,FA,52176,,TOTAL,,PESOS,DEVOLUCION,CARLOS,D,2026-02-04,5736,FABIAN,,generada
2026-01-27,3887,HORMISERV S.R.L,PRES,29975,2025-10-29,TOTAL,2684,USD,EL CLIENTE RECHAZÓ LA COMPRA,TUCCI,E,2026-01-28,1739,SEBASTIAN,,generada
2026-01-08,8863,FACUNDO CONDORI,PRES,30589,2026-01-08,REDUCTOR NFCN 63 REL 1/100,110.28,USD,CAMBIO DE RELACION,COTIZACIONES,C,2026-02-21,1774,SEBASTIAN,,generada
2026-01-08,8863,FACUNDO CONDORI,PRES,30589,2026-01-08,REDUCTOR NFCN63 REL 1/60,110.28,USD,CAMBIO DE RELACION,COTIZACIONES,C,2026-02-21,1775,SEBASTIAN,,generada
2026-01-28,4176,A.V.A. S.A.,FA,52418,,TOTAL,,PESOS,SE REFACTURA,ANDRES,,,,FABIAN,,pendiente
2026-01-28,4176,A.V.A. S.A.,FA,52417,,TOTAL,,PESOS,SE REFACTURA,ANDRES,,,,FABIAN,,pendiente
2026-01-28,3073,BALDASSO DANIEL GUSTAVO,FA,52742,2026-01-28,TOTAL,10.39,USD,CAMBIO DE MOTOR,CARLOS,C,2026-02-25,5798,SEBASTIAN,,generada
2025-12-24,3147,MAQUINARIAS PARA LA IND ALIMENTICIA (CPM),FA,52181,2025-12-24,TOTAL,287.17,PESOS,SE FACTURÓ EN PESOS,CARLOS,E,2026-02-27,5812,SEBASTIAN,,generada
2026-01-29,2891,ELECTROMECANICA BOTTINO S.A.,FA,52773,2026-01-28,PIÑON DOBLE Z14,4.62,USD,EL CLIENTE ANULO LA COMPRA,CARLOS,,2026-02-27,5811,SEBASTIAN,,generada
2026-01-29,2891,ELECTROMECANICA BOTTINO S.A.,FA,52773,,PIÑON DOBLE Z60,24.23,USD,EL CLIENTE ANULO LA COMPRA,CARLOS,,2026-02-27,5811,SEBASTIAN,,generada
2026-01-30,8732,MARIANO VITOLONI,PRES,30806,2026-01-30,TOTAL,179.43,USD,CAMBIO DE PRECIOS,COTIZACIONES,E,2026-02-21,1776,SEBASTIAN,,generada
2026-02-02,2906,CONSUMIDOR FINAL,PRES,30813,2026-02-02,TOTAL,464000,PESOS,CAMBIO DE MOTOR,CARLOS,C,2026-02-02,1743,FABIAN,,generada
2026-02-03,7585,ROLLFOOD SAS,FA,52755,2026-01-28,BARRA APM NATURAL 70MM,32.92,USD,,CARLOS,E,2026-02-21,5779,SEBASTIAN,,generada
2026-02-03,741,ELECTROSERVICE BICOCCA SRL,FA,52745,,TOTAL,,PESOS,SE FACTURA PARA EQUIPOS,CARLOS,,2026-02-10,5741,SEBASTIAN,,generada
2026-02-03,201,BAGUAL S.A.,FA,52463,2026-01-13,TOTAL,983.78,USD,DUPLICADO DE FACTURA,CARLOS,DU,2026-02-27,5805,SEBASTIAN,,generada
2026-02-06,9342,EYS SOLUCIONES AGRICOLAS,FB,858,2026-02-06,TOTAL,193.12,PESOS,ERROR DEL CLIENTE,COTIZACIONES,,2026-02-21,139,ESTEBAN,,generada
2026-02-06,9342,EYS SOLUCIONES AGRICOLAS,FB,859,2026-02-06,TOTAL,93.4,USD,ERROR DEL CLIENTE,COTIZACIONES,,2026-02-21,140,ESTEBAN,,generada
2026-02-06,6644,ARGENBELT SRL,PRES,30856,,TOTAL,,PESOS,SE REALIZA NUEVO PRESUPUESTO POR OTRO MOTOR,KEVIN,,2026-02-09,1753,SEBASTIAN,,generada
2026-02-06,6644,ARGENBELT SRL,PRES,30857,,TOTAL,,PESOS,CAMBIA DE MODELO,KEVIN,,2026-02-09,1752,SEBASTIAN,,generada
2026-02-10,9049,VIÑEDOS VHYNEA S.A.,FA,52985,2026-02-10,TOTAL,,PESOS,MAL FACTURADO,CARLOS,,2026-02-12,5747,SEBASTIAN,,generada
2026-02-11,902,FRIOLATINA S.A.,FA,53007,2026-02-11,TOTAL,175.09,PESOS,FACTURADO EN PESOS,CARLOS,E,2026-02-21,5780,SEBASTIAN,,generada
2026-02-11,6553,PHC COMPONENTES,PRES,29786,2025-10-09,TOTAL,629.3,USD,SE DEVOLVIÓ Y SE UTILIZÓ PARA OTRO CLIENTE,COTIZACIONES,D,2026-02-21,1777,SEBASTIAN,,generada
2026-02-11,4770,SAN FRANCISCO SNACKS S.A,PRES,30913,2026-02-11,TOTAL,97.66,USD,SE REALIZÓ FACTURA,KEVIN,,2026-02-21,1772,ESTEBAN,,generada
2026-02-12,9476,AGRICOLA EL MEDANO SRL,FA,53019,2026-02-11,MOTOR TRIFASICO 1/2 HP,,PESOS,VER PERALTA,CARLOS,,2026-03-02,5818,FABIAN,,generada
2026-02-12,5820,ARECSU S.A.,PRES,30933,2026-02-12,TOTAL,13.56,USD,SE REALIZÓ FACTURA A,KEVIN,,2026-02-21,1778,SEBASTIAN,,generada
2025-12-05,2906,CONSUMIDOR FINAL,PRES,30307,,TOTAL,,PESOS,SE REALIZÓ FACTURA,CARLOS,,2026-01-08,1714,FABIAN,,generada
2026-02-13,7121,F.M.A. COMPANY SAS,FA,52716,,TOTAL,481.17,USD,NO RETIRO EL EQUIPO. SE CAMBIÓ DE MODELO Y SE REFACTURÓ,KEVIN,C,2026-02-18,5761,SEBASTIAN,,generada
2026-02-01,3134,DOLPHIN S A,FA,53029,2026-02-12,TOTAL,116.34,PESOS,SE FACTURÓ EN PESOS,HUGO,E,2026-02-18,5762,SEBASTIAN,,generada
2026-02-13,8863,FACUNDO CONDORI,PRES,30938,2026-02-13,TOTAL,150.06,PESOS,SE FACTURÓ EN PESOS,COTIZACIONES,E,2026-02-21,1779,SEBASTIAN,,generada
2026-02-20,1811,SABINO DOMIZIO S.A.,FA,53097,2026-02-18,MOTOR TRIFÁSICO 0.25 HP X 1500 RPM,75.74,USD,DEVOLUCION,CARLOS,D,2026-02-21,5781,SEBASTIAN,,generada
2026-02-20,429,TALLER CARISTIA S.A.,PRES,30978,2026-02-20,TOTAL,237.62,USD,ERROR EN EL PEDIDO DEL CLIENTE,CARLOS,E,2026-02-21,1780,SEBASTIAN,,generada
2026-02-20,6100,GRUPO AVINEA S.A.,FA,53149,2026-02-20,TOTAL,268.74,USD,ERROR EN EL PEDIDO DEL CLIENTE,KEVIN,E,2026-02-21,5782,SEBASTIAN,,generada
2026-02-20,5154,SUNNY ARGENTINA S.A.,FA,53150,2026-02-20,TOTAL,205.36,PESOS,SE FACTURÓ EN PESOS,KEVIN,E,2026-02-21,5783,SEBASTIAN,,generada
2026-02-21,5627,VITIVINICOLA MAYCE GROUP S.A.,FA,53085,2026-02-14,TOTAL,157300,PESOS,DEVOLUCION,KEVIN,D,2026-02-21,5771,SEBASTIAN,,generada
2026-02-21,5627,VITIVINICOLA MAYCE GROUP S.A.,FA,53091,2026-02-14,TOTAL,12371,PESOS,DEVOLUCION,KEVIN,D,2026-02-21,5772,SEBASTIAN,,generada
2026-02-21,4412,MIGUEL ANGEL FERNANDEZ,PRES,30887,2026-02-09,TOTAL,905.2,USD,SE REFACTURA A OTRO CLIENTE,KEVIN,,2026-02-21,1781,SEBASTIAN,,generada
2026-02-23,7585,ROLLFOOD SAS,FA,53124,2026-02-19,TOTAL,18.7,USD,EL CLIENTE NO LOS VA A QUERER,KEVIN,,2026-02-23,5786,SEBASTIAN,,generada
2026-02-23,8130,MAROLIO S.A.,FA,52918,2026-02-05,EJE WMI 150,72022.5,PESOS,DEVOLUCION,CARLOS,D,2026-02-27,5806,SEBASTIAN,,generada
2026-02-23,8634,MACHININGMG S.A.S,FA,53170,2026-02-23,TOTAL,156290,USD,"ERROR, SE FACTURÓ EN USD",CARLOS,E,2026-02-23,5787,NICOLAS,,generada
2026-02-23,8288,SOCRATES SA,FA,53179,2026-02-23,REDUCTOR NFN90 REL 1:40 - CANT 1,193.37,USD,ERROR DE CARGA,TUCCI,E,2026-02-23,5788,SEBASTIAN,,generada
2026-02-23,8288,SOCRATES SA,FA,53179,2026-02-23,"CADENA TAB 880K325 - CANT 6,1",249.2,USD,ERROR DE CARGA,TUCCI,E,2026-02-23,5788,SEBASTIAN,,generada
2026-02-23,4519,ROVER FERNANDO,PRES,30760,2026-01-26,TOTAL,210,USD,ERROR DE FACTURACION,CARLOS,E,2026-02-24,1785,SEBASTIAN,,generada
2026-02-23,1591,PARQUE DE DESCANSO S.C.,FA,52886,2026-02-04,TOTAL,72.5,USD,EL CLIENTE NO QUIERE LA MERCADERIA,CARLOS,,2026-02-27,5807,SEBASTIAN,,generada
2026-02-24,7549,FRATELLI BRANCA DESTILERIA S.A.,FA,50208,2025-08-29,TOTAL,163.23,USD,NO SE ENVIÓ MERCADERIA,COTIZACIONES,,2026-02-27,5808,SEBASTIAN,,generada
2026-02-25,7207,AGUADO GUILLERMO ENOC,FA,50994,2025-10-17,TOTAL,363242,PESOS,LA BANDA NO SE RETIRÓ,CARLOS,,2026-02-27,5809,SEBASTIAN,,generada
2026-02-26,9461,ZUCCA S.A.S.,PRES,31035,2026-02-26,TOTAL,5580,USD,ERROR EN MONEDA,CARLOS,E,2026-02-26,1787,FABIAN,,generada
2026-02-26,5154,SUNNY ARGENTINA S.A.,FA,52841,2026-02-02,BONIFICACION 20%,269.1,USD,BONIFICACION 20%,MARIANO,,2026-02-27,5810,SEBASTIAN,,generada
2026-02-28,565,COOPERATIVA NORTE LAVALLINO LTDA,FA,53173,2026-02-23,TOTAL,260.26,USD,ERROR,CARLOS,E,2026-03-02,5820,SEBASTIAN,,generada
2026-03-02,8812,FINCA GALLARDO S.R.L.,FA,53304,2026-02-27,TOTAL,133.1,USD,SE FACTURA A OTRA RAZON SOCIAL,COTIZACION,,2026-03-02,5821,SEBASTIAN,,generada
2026-03-02,1717,"QUIROGA, OSWALDO WALTER",PRES,30599,2026-01-09,TOTAL,149.6,USD,SE FACTURA A OTRA RAZON SOCIAL,CARLOS,,2026-03-02,1789,SEBASTIAN,,generada
2026-03-02,1717,"QUIROGA, OSWALDO WALTER",PRES,30649,2026-01-14,TOTAL,149.6,USD,SE FACTURA A OTRA RAZON SOCIAL,CARLOS,,2026-03-02,1790,SEBASTIAN,,generada
2026-03-02,9284,CZECH GERMAN CLAUDIO,FA,52570,2026-01-16,DEVUELVE LOS REDUCTORES 63 i:50 80b14,186.07,USD,DEVOLUCION,KEVIN,D,2026-03-03,5824,SEBASTIAN,,generada
2026-03-02,3147,MAQUINARIAS PARA LA IND ALIMENTICIA (CPM),FA,53334,2026-03-02,TOTAL,244.53,USD,DEVOLUCION,KEVIN,D,2026-03-03,5823,SEBASTIAN,,generada
2026-03-03,5873,ENZO VILLANUEVA,FA,53280,2026-02-26,Motor de 3hp 1500 rpm,222.48,USD,CAMBIO,KEVIN,C,2026-03-04,5830,SEBASTIAN,,generada
2026-03-04,639,DE BLASI S.A.,FA,53300,2026-02-27,BISAGRA A48 (30 UNI),67.28,USD,DEVOLUCION,MARIANO,D,2026-03-04,5831,SEBASTIAN,,generada
2026-03-04,8101,PALMAR SA,FA,53151,2026-02-20,POLEA 7C 300,775,USD,SOLO SE ENTREGÓ 1 UNIDAD,ANDRES,E,2026-03-04,5832,SEBASTIAN,,generada
2026-03-05,5241,MARCUCCI DANIEL(PROC INDUSTRIAL ),PRES,28236,2025-04-12,VARIADOR ELECTRONICO,220.5,USD,DEVOLUCION POR ROTURA,CARLOS,D,2026-03-05,1794,SEBASTIAN,,generada
2026-03-05,8101,PALMAR SA,FA,53397,2026-03-05,BONIFICACION 10%,307.18,USD,BONIFICACIÓN 10%,COTIZACIONES,,2026-03-10,5852,SEBASTIAN,,generada
2026-03-05,7244,ESPECIAS CORTIJO SAS,FA,53175,2026-02-23,BRIDA LATERAL / BRIDA DE ENTRADA,41.37,USD,DEVOLUCION,KEVIN,D,2026-03-05,5834,SEBASTIAN,,generada
2026-03-06,7995,ALMABRAS SA,PRES,31094,2026-03-05,PIÑON Z25 COD: 90852 / ROLDANA Z25 COD: 90999,47.9,USD,,CARLOS,D,2026-03-09,1797,SEBASTIAN,,generada
2026-03-09,4632,INSTALAR D.G. S.R.L,FA,53064,2026-02-13,TOTAL,147,USD,MERCADERIA NO USADA POR EL CLIENTE,CARLOS,D,2026-03-09,5850,SEBASTIAN,,generada
2026-03-09,6535,FABIAN PEREZ (BELTRAN),PRES,30811,2026-02-02,MOTOR TRIFASICO 1HP 1500RPM B34,170000,PESOS,DEVOLUCION,JONATAN,D,2026-03-11,1799,SEBASTIAN,,generada
2026-03-09,6535,FABIAN PEREZ (BELTRAN),PRES,29674,2025-09-26,MOTOR TRIFASICO 1HP 1500RPM B34,116.25,USD,DEVOLUCION,JONATAN,D,2026-03-19,1807,SEBASTIAN,AUTORIZO NICOLAS,generada
2026-03-09,6535,FABIAN PEREZ (BELTRAN),PRES,29635,2025-09-23,MOTOR TRIFASICO 1HP 1500RPM B34,116.25,USD,DEVOLUCION,JONATAN,D,2026-03-19,1808,SEBASTIAN,AUTORIZO NICOLAS,generada
2026-03-09,7121,F.M.A. COMPANY SAS,FA,53292,2026-02-27,TOTAL,82.72,USD,DEVOLUCION,KEVIN,D,2026-03-09,5849,SEBASTIAN,,generada
2026-03-09,1948,TAMER INDUSTRIAL S.A.,FA,53382,2026-03-04,TOTAL,5.76,USD,DEVOLUCION,KEVIN,D,2026-03-10,5851,SEBASTIAN,,generada
2026-03-10,6553,PHC COMPONENTES,FA,53512,2026-03-10,TOTAL,100865.5,PESOS,SE HIZO UNA PRUEBA DE SISTEMA,COTIZACIONES,,2026-03-11,5866,SEBASTIAN,,generada
2026-03-09,5820,ARECSU S.A.,FA,51536,2025-11-18,TOTAL,59.19,USD,EL CLIENTE NO RETIRÓ LA MERCADERIA,CARLOS,,2026-03-11,5867,SEBASTIAN,,generada
2026-03-09,3073,BALDASSO DANIEL GUSTAVO,FA,53024,2026-02-11,TOTAL,672.24,USD,EL CLIENTE NO RETIRÓ LA MERCADERIA,CARLOS,,2026-03-11,5869,SEBASTIAN,,generada
2026-03-11,5664,PEHUENCHE SRL,FA,53439,2026-03-06,"MOTOR TRIFASICO 0,5HP",,PESOS,,CARLOS,,,,,FALTA MOTIVO,pendiente
2026-03-11,3134,DOLPHIN S A,PRES,30955,2026-02-18,TOTAL,,PESOS,SE FACTURÓ,DEBRA,,2026-03-11,1800,SEBASTIAN,,generada
2026-03-12,6553,PHC COMPONENTES,FA,53575,2026-03-12,TOTAL,1.21,USD,ERROR,COTIZACIONES,E,2026-03-13,5873,SEBASTIAN,,generada
2026-03-13,4893,ORLANDO BRUGNOLI,FA,53605,2026-03-13,TOTAL,117.1,USD,ERROR DE TIPEO,COTIZACIONES,E,2026-03-16,5875,SEBASTIAN,,generada
2026-03-16,2906,CONSUMIDOR FINAL,FB,875,2026-03-16,TOTAL,55600,PESOS,CAMBIO DE RAZON SOCIAL,CARLOS,C,2026-03-16,141,SEBASTIAN,SE FACTURÓ A DESMONTE SRL FACT 53616,generada
2026-03-16,8932,FRANCO TOMMASIELLO,PRES,31108,2026-03-06,"REDUCTOR 75 1:50, MOTOR 0,75HP, REDUCTOR 40 1:40",490000,PESOS,CAMBIA DE RELACION Y MOTOR,COTIZACIONES,C,2026-03-16,1802,SEBASTIAN,,generada
2026-03-16,9036,SGL GROUP SA,FA,53585,2026-03-13,TOTAL,392.04,USD,CAMBIO DE MERCADERIA,COTIZACIONES,C,2026-04-06,5941,SEBASTIAN,,generada
2026-03-17,7221,SAN FILI SRL,FA,53618,2026-03-16,TOTAL,289.9,USD,ERROR EN PEDIDO,CARLOS,,2026-03-17,5881,SEBASTIAN,,generada
2026-03-17,199,BACHIOCCHI HNOS. SH.,FA,53653,2026-03-17,TOTAL,84700,PESOS,CAMBIA RAZON SOCIAL Y LLEVA OTRA POLEA,DEBRA,C,2026-03-17,5882,SEBASTIAN,SE FACTURÓ A NOMBRE DE ALNOGAR,generada
2026-03-17,2197,CEPAS ARGENTINAS S.A.,FA,53639,2026-03-17,TOTAL,61.71,USD,NO LO VA A NECESITAR,DEBRA,,2026-03-18,5883,SEBASTIAN,,generada
2026-03-18,6944,EMANUEL CONEJERO,PRES,31057,2026-03-02,EJE SIMPLE 75,16.5,USD,DEVOLUCION,HUGO,D,2026-03-18,1805,SEBASTIAN,,generada
2026-03-18,1811,SABINO DOMIZIO S.A.,FA,53128,2026-02-19,"0,45 PLACA APM NEGRO ESPESOR 30MM 1000X2000MM",532.19,USD,DEVOLUCION,CARLOS,D,2026-03-18,5884,SEBASTIAN,,generada
2026-03-18,902,FRIOLATINA S.A.,FA,53007,2026-02-11,TOTAL,175.09,PESOS,MAL FACTURADO EN PESOS,CARLOS,E,2026-02-21,5780,SEBASTIAN,,generada
2026-03-18,7125,ALMA SRL,FA,53630,2026-03-16,PLACA APM NATURAL ESPESOR 12MM,816.75,USD,EL CLIENTE NO QUISO LOS CORTES PORQUE LA PLACA ESTABA AMARILLA Y NECESITABA BLANCO,COTIZACIONES,C,2026-03-19,5895,SEBASTIAN,,generada
2026-03-19,6585,TECNOLOGIA Y MAQUINARIAS SA,FA,52880,2026-02-04,Reductor modelo 40 1/60,62.99,USD,devuelve reductor y lleva otra relacion el 18/03,CARLOS,D,2026-03-19,5896,SEBASTIAN,,generada
2026-03-18,8414,UNION AGRARIA SOC ANON RURAL COMERCIAL INDUSTRIAL E INMOBILI,FA,51065,2026-10-22,MOTOR TRIFASICO 60HP 3000RPM,4610,USD,CAMBIO POR OTRO MOTOR,TUCCI,C,2026-03-19,5897,SEBASTIAN,,generada
2026-03-18,9403,BEMEC SA,FA,53590,2026-03-13,REDUCTOR NFCN 75 1:30 90B14,145,USD,EL CLIENTE NO LO RETIRÓ,COTIZACIONES,,2026-04-06,5940,SEBASTIAN,,generada
2026-03-20,741,ELECTROSERVICE BICOCCA SRL,FA,53732,2026-03-20,BARRAS APM NEGRO,5.95,USD,SE FACTURA A OTRA RAZON SOCIAL,CARLOS,,,,,A QUE RAZON SOCIAL SE REALIZÓ LA FACTURA?,pendiente
2026-03-23,2906,CONSUMIDOR FINAL,PRES,31226,2026-03-23,UNIONES DOBLES 50/2,6500,USD,MAL FACTURADO EN DOLARES,CARLOS,,2026-03-25,1811,FABIAN,,generada
2026-03-23,2987,EMBOT. DEL ATLANTICO S.A.,FA,53420,2026-03-06,16 m.mallas ASA50 /,10043.19,PESOS,DEVOLUCION,ANDRES,D,2026-03-26,5910,SEBASTIAN,,generada
2026-03-25,7404,SERVICIOS Y SOLUCIONES INTELIGENTES S.A.,FA,53761,2026-03-23,"MOTOR TRIFASI. 5,5 HP X 3000 RPM",379.9,USD,NO LO PUDO ADAPTAR,CARLOS,D,2026-03-26,5911,SEBASTIAN,,generada
2026-03-25,9299,HERNANDEZ NESTOR GASPAR,FA,49943,2025-08-14,CENTRO ELASTICO 10-1,227.02,USD,DEVOLUCION DEL CLIENTE NO USO EL REPUESTO,CARLOS,D,2026-04-20,5991,SEBASTIAN,,generada
2026-03-25,2906,CONSUMIDOR FINAL,PRES,31175,2026-03-12,REDUCTOR WMI NFCN63 1:30 90B14,172,PESOS,DEVOLUCION,CARLOS,D,2026-03-27,1812,SEBASTIAN,,generada
2026-03-26,8130,MAROLIO S.A.,FA,53538,2026-03-26,BARRA GRILON,793164.68,PESOS,PRECIO MAL FACTURADO,JONA Z,E,2026-03-26,5912,SEBASTIAN,,generada
2026-03-26,8720,ACACIA TREES S.A.,FA,53597,2026-03-13,BANDA R9,1089,USD,SE CAMBIA A PESOS,COTIZACIONES,E,2026-03-26,5913,SEBASTIAN,,generada
2026-03-26,8720,ACACIA TREES S.A.,FA,53729,2026-03-19,BANDA R9,1089,USD,SE CAMBIA A PESOS,COTIZACIONES,E,2026-03-26,5914,SEBASTIAN,,generada
2026-03-28,4745,AGROISME S.A.,FA,53788,2026-03-25,TAZOLETA M20 PIEZA 905,324.18,USD,CAMBIO POR MODELO MAS CHICO,CARLOS,C,2026-03-31,5923,SEBASTIAN,,generada
2026-03-30,8679,"MECANIZADOS DIAZ, INGENIERIA Y S.M.G. S.R.L.",FA,53850,2026-03-27,BARRA GRILON DIAMETRO 30 / BARRA GRILON DIAMETRO 70,28.2,USD,SE REFACTURA A MECANIZADOS DIAZ PABLO,KEVIN,E,2026-03-31,5924,SEBASTIAN,,generada
2026-03-30,8756,L & L MARMOLES Y REVESTIMIENOS S.A.S.,FA,53882,2026-03-30,"MOTOR TRIFASICO 0,5 HP X 1500",116.43,USD,SE LLEVO CON PRESUPUESTO SIN IVA,J TUCCI,,2026-04-01,5931,SEBASTIAN,,generada
2026-03-31,5409,YACOMEC S.A.,FA,53873,2026-03-30,BARRA APM NEGRO DIAMETRO 180,225.27,USD,DEVUELVE BARRA,CARLOS,D,2026-04-01,5932,SEBASTIAN,,generada
2026-03-31,5409,YACOMEC S.A.,FA,53896,2026-03-31,BARRA APM NEGRO DIAMETRO160,189.35,USD,FACTURA DUPLICADO (PEDIDO DUPLICADO),CARLOS,,2026-04-01,5933,SEBASTIAN,,generada
2026-03-31,8648,GARCIA FRANCISCO OMAR,PRES,30848,2026-02-05,BDA PVC BLANCO R-3,570,USD,SE FACTURO A NOMBRE DE DIS PAS SUR 5797,CARLOS,,2026-04-01,1818,SEBASTIAN,,generada
2026-04-01,3130,EL ZAMPAL S.A.,FA,52381,2026-01-09,BUJE GRILON NAT. 60 X 30 MM,232.65,USD,EL CLIENTE LO DEVUELVE,TUCCI,D,2026-04-07,5942,SEBASTIAN,,generada
2026-04-01,2197,CEPAS ARGENTINAS S.A.,FA,53498,2026-03-10,REDUCTOR WMI NFCN50 RELACION 1/60 71B14,171.8,USD,NO SE UTILIZO,DEBRA,D,2026-04-06,5934,SEBASTIAN,,generada
2026-04-01,2197,CEPAS ARGENTINAS S.A.,FA,53493,2026-03-10,CADENA RECTA INOXIDABLE SSH 812 K325 SUPER HARD - COD: S.7.00.041 ANCHO 83MM - MAGRIS,1140.94,usd,NO SE UTILIZO,DEBRA,D,2026-04-06,5935,SEBASTIAN,,generada
2026-04-01,2197,CEPAS ARGENTINAS S.A.,FA,53495,2026-03-10,"MOTOR TRIFASICO 0.5HP 0,37KW 1500RPM - B34",180,USD,CAMBIO DE POTENCIA,DEBRA,C,2026-04-06,5936,SEBASTIAN,,generada
2026-04-01,2197,CEPAS ARGENTINAS S.A.,FA,53495,2026-03-10,REDUCTOR WMI NFCN63 RELACION 1/60 80B14,228,USD,CAMBIO DE RELACION,DEBRA,C,2026-04-06,5937,SEBASTIAN,,generada
2026-04-01,2197,CEPAS ARGENTINAS S.A.,FA,53502,2026-03-10,D,244,USD,CAMBIO DE POTENCIA,DEBRA,C,2026-04-06,5938,SEBASTIAN,,generada
2026-04-01,2197,CEPAS ARGENTINAS S.A.,FA,53502,2026-03-10,"MOTOR TRIFASICO 1.5HP 1,1KW 1500RPM - B34",477,USD,NO SE VA A UTILIZAN,DEBRA,D,2026-04-06,5938,SEBASTIAN,,generada
2026-04-01,2197,CEPAS ARGENTINAS S.A.,FA,53502,2026-03-10,REDUCTOR WMI NFCN75 RELACION 1/30 90B14,322,USD,NO CORRESPONDE EL MODELO,DEBRA,D,2026-04-06,5938,SEBASTIAN,,generada
2026-04-01,3988,DELLA TOFFOLA ARGENTINA S.A.,FA,53922,2026-04-01,CADENA DOBLE - UNION Y MEDIA MALLA,133.74,USD,NO LO VAN A NECESITAR,KEVIN,,2026-04-06,5942,SEBASTIAN,,generada
2026-04-04,3496,DE MARCHI JUAN JOSE,FA,53923,2026-04-01,2 REDUCTORES WMI 075 REL 1: 50,333.76,USD,CAMBIO DE MODELO ERROR EN EL PEDIDO,CARLOS,,,,,,pendiente
2026-04-06,565,COOPERATIVA NORTE LAVALLINO LTDA,FA,52500,2026-01-14,"PIÑON, UNION, CADENA, MEDIA MALLA",219.61,USD,"ERROR DE FACTURACION, SE REFACTURA A COOP VITIVINICOLA AGRO INDUSTRIA NORTE MENDOCINO LTDA (566)",CARLOS,E,2026-04-06,5939,SEBASTIAN,,generada
2026-04-06,740,ELECTROMECANICA SASSO S.A.,FA,53509,2026-03-10,POLEA EN V 5C 200,750.58,USD,DEVOLUCION. AL CLIENTE NO LE SIRVIÓ,KEVIN,D,2026-04-09,5954,SEBASTIAN,,generada
2026-04-07,9403,BEMEC SA,PRES,0002-00031365,2026-04-01,"REDUCTOR MODELO 50 i 7,5",83,USD,"se hace nuevo presupuesto numero 31379 x importe $77,800 de contado para actualizar valor",CARLOS,C,2026-04-14,1822,SEBASTIAN,,generada
2026-04-07,6585,TECNOLOGIA Y MAQUINARIAS SA,FA,53702,2026-03-18,REDUCTOR WMI 40 1:50,65.32,USD,CAMBIA LA RELACION DE REDUCC.,KEVIN,C,2026-04-14,5974,SEBASTIAN,,generada
2026-04-07,8392,RIS GROUP S. A. S.,FA,53952,2026-04-06,"MOTOR TRIFASICO 7,5HP",440.56,USD,CAMBIA POR MOTOR 10HP,COTIZACIONES,C,2026-04-07,5948,SEBASTIAN,,generada
2026-04-08,8392,RIS GROUP S. A. S.,FA,0002-00054023,2026-04-08,"MOTOR TRIFASICO 0,75HP 1500 B34",284.13,USD,"CAMBIA POR 0,75HP  1500 B5",KEVIN,C,2026-04-14,5973,SEBASTIAN,,generada
2026-04-09,2565,HUMBERTO MORILLAS S.A. - ALFA SERVICE-,FA,54006,2026-04-08,"MOTOR TRIFASICO 0,75 HP",120.5,USD,CAMBIA POR 2HP,COTIZACIONES,C,2026-04-09,5955,SEBASTIAN,,generada
2026-04-09,2565,HUMBERTO MORILLAS S.A. - ALFA SERVICE-,FA,54006,2026-04-08,REDUCTOR NFCN63 RELACION 1/60,115.5,USD,CAMBIA POR NFCN90,COTIZACIONES,C,2026-04-09,5955,SEBASTIAN,,generada
2026-04-09,2565,HUMBERTO MORILLAS S.A. - ALFA SERVICE-,FA,54006,2026-04-08,EJE SIMPLE NFCN63,14.2,USD,CAMBIA POR NFCN 90,COTIZACIONES,C,2026-04-09,5955,SEBASTIAN,,generada
2026-04-09,4607,AGROINDUSTRIAS CIALPIL S.A,FA,54062,2026-04-09,PIÑON Z 25 EJE Ø30 COD 346 PIAZ,60.42,USD,CAMBIO POR MAL PEDIDO,CARLOS,C,2026-04-14,5972,SEBASTIAN,,generada
2026-04-09,4607,AGROINDUSTRIAS CIALPIL S.A,FA,54062,2026-04-09,PIÑON BIPARTIDO Z25 EJE 30,60.42,USD,DEVOLUCION,CARLOS,D,2026-04-14,5972,SEBASTIAN,,generada
2026-04-10,9024,PAOLINI HNOS,FA,53915,2026-03-31,"MOTOR TRIFASICO 5,5HP 1500 RPM B35",335.5,USD,DEVOLUCION. AL CLIENTE NO LE SIRVIÓ,TUCCI,D,2026-04-10,5961,SEBASTIAN,,generada
2026-04-13,7460,QUIATTA SAS,PRES,31414,2026-04-10,TOTAL,457000,PESOS,SE REFACTURA TODO EN FC A,KEVIN,,2026-04-14,1821,SEBASTIAN,,generada
2026-04-13,1730,RAYEN CURA S.A.,FA,54053,2026-04-13,MORDAZA EN CRUZ - PIEZA 206 - CANT: 10,39,USD,EL CLIENTE NO LO RECEPCIONA,ANDRES,D,2026-04-14,5971,SEBASTIAN,,generada
2026-04-13,5409,YACOMEC S.A.,FA,0002-00054118,2026-04-13,JUEGO ENGRANAGE CONICO M2 RELACION 1 A 2,1.21,USD,ERROR EN VALORES. SE REFACTURA,KEVIN,E,2026-04-14,5970,SEBASTIAN,,generada
2026-04-13,8369,LA EMMA AGRICOLA S.A,FA,53317,2026-03-02,BANDA R17 - CANT 2,810,USD,DEVOLUCION,NICOLAS,D,2026-04-14,5968,SEBASTIAN,,generada
2026-04-14,639,DE BLASI S.A.,FA,54035,2026-04-08,BARANDA DE ACUMULACION - CANT 4,2760,USD,DEVOLUCION. ERROR EN EL PEDIDO DEL CLIENTE,MARIANO,D,2026-04-14,5969,SEBASTIAN,,generada
2026-04-14,4412,MIGUEL ANGEL FERNANDEZ,PRES,31299,2026-03-26,MOTOR TRIF. 1 HP,116.13,PESOS,SE FACTURÓ MAL EN PESOS YA ESTÁ HECHO EN DOLARES,CARLOS,E,2026-04-14,1823,SEBASTIAN,,generada
2026-04-14,1890,SOCU S.R.L.,FA,0002-00054132,2026-04-14,PINON SIMPLE Z27 5/8,13.37,USD,CAMBIO DE PIÑON SIMPLE A DOBLE,KEVIN,C,2026-04-14,5976,SEBASTIAN,,generada
2026-04-15,6535,FABIAN PEREZ (BELTRAN),PRES,31349,2026-03-31,POR EL TOTAL,392000,PESOS,SE REFACTURO OTROS MATERIALES,JONATAN,,2026-04-17,1827,SEBASTIAN,,generada
2026-04-16,6644,ARGENBELT SRL,pres,0002-00031451,2026-04-15,POR EL TOTAL,348.3,USD,CANCELA PEDIDO,KEVIN,,,,,,pendiente
2026-04-17,7410,PRUNEXT INTERNATIONAL SAS,PRES,31277,2026-03-25,por total (10mts cadena asa 60),78.6,USD,DEVOLUCION,KEVIN,,2026-04-24,1834,SEBASTIAN,,generada
2026-04-17,7410,PRUNEXT INTERNATIONAL SAS,pres,0002-00031397,2026-04-08,5mts cadena asa 80,71.05,USD,DEVOLUCION,KEVIN,D,2026-04-24,1835,SEBASTIAN,,generada
2026-04-17,5599,PRODUCTOS DEL MANANTIAL SA,FA,50834,2025-10-08,POLEA 2B 70,13.67,USD,CAMBIO POR OTRO MODELO,CARLOS,C,2026-04-24,6000,SEBASTIAN,,generada
2026-04-20,8492,CORSO CARLA ESTEFANIA,FA,54130,2026-04-14,BARRA PP NATURAL Ø40,25.46,PESOS,DEVOLUCION POR PEDIDO REPETIDO,CARLOS,,2026-04-24,6001,SEBASTIAN,,generada
2026-04-20,439,CARTOCOR S.A.,FA,50103,2025-08-25,4 CENTRO POLIURETANO,100722.96,PESOS,NUNCA SE MANDO MERCA,ANDRES,,2026-04-24,6002,SEBASTIAN,,generada
2026-04-20,1211,LA AGRICOLA S.A,FA,54208,2026-04-20,REDUCTOR NFCN50 WMI 1/50 71B14,108.9,USD,ERROR EN LA RELACION,JONATAN,E,2026-04-24,6003,SEBASTIAN,,generada
2026-04-20,9099,ALVEMAR SRL,PRES,31444,2026-04-14,MOTOR TRIFASICO 2HP 1500 RPM - B 34,260000,PESOS,NO LE SIRVE,DEBRA,D,2026-04-21,1830,SEBASTIAN,,generada
2026-04-20,9099,ALVEMAR SRL,PRES,31445,2026-04-14,MOTOR TRIFASICO 2HP 1500 RPM - B 34,260000,PESOS,NO LE SIRVE,DEBRA,D,2026-04-21,1831,SEBASTIAN,,generada
2026-04-21,7146,PASQUALOTTO NICOLAS ANTONIO,FA,54195,2026-04-17,BARRA POLIPROPILENO NATURAL,30.82,USD,SOBRE COMPRA DE MATERIAL,CARLOS,D,2026-04-24,6005,SEBASTIAN,,generada
2026-04-22,7545,FRANCISCO NOCETTI,PRES,31501,2026-04-21,MOTOR TRIF. 1 HP X 900 RPM,169,USD,NO LE SIRVE,KEVIN,D,2026-04-24,1836,SEBASTIAN,,generada
2026-04-23,5215,AGROINDUSTRIAS ALBERTO DEMALDE S.A.,FA,54264,2026-04-23,BANDA R13,894.8,USD,LLEVA EN PRESUPUESTO,MARIANO,,2026-04-29,6016,SEBASTIAN,,generada
2026-04-23,318,BODEGAS Y VIÑEDOS PASCUAL TOSO S. A. U.,FA,54275,2026-04-23,MOTOR Y VARIADORES,1204.82,PESOS,MAL FACTURADO,DEBRA,E,2026-04-29,6017,SEBASTIAN,,generada
2026-04-24,188,AVICOLA LUJAN DE CUYO SA.,FA,54283,2026-04-23,motor trifasico 2hp 1500 RPM - B 34,180.02,USD,DEVOLUCION,KEVIN,D,2026-04-24,6004,SEBASTIAN,,generada
2026-04-24,741,ELECTROSERVICE BICOCCA SRL,FA,54266,2026-04-23,CADENA ACETAL RECTA,322.84,USD,MAL PEDIDO POR EL CLIENTE,CARLOS,E,2026-04-29,6018,SEBASTIAN,,generada
2026-04-24,8863,FACUNDO CONDORI,PRES,31454,2026-04-15,VARIADOR ELECTRONICO MONOFASICO 2HP,183.4,USD,NO SE LO LLEVO,COTIZACIONES,D,2026-04-29,1838,SEBASTIAN,,generada
2026-04-24,1433,MILLAN S.A. (5530),FA,54302,2026-04-24,por el total,205.22,PESOS,ERROR EN MONEDA,KEVIN,E,2026-04-29,6019,SEBASTIAN,,generada
2026-04-25,1433,MILLAN S.A. (5530),FA,54303,2026-04-24,por el total,205.22,PESOS,ERROR EN MONEDA,KEVIN,E,2026-04-29,6020,SEBASTIAN,,generada
2026-04-24,7634,MAXFA S.A.,FA,53162,2026-02-21,TOTAL,102.58,USD,REFACTURAR A ADMA,KEVIN,,,,,NECESITO QUE REALICES LA FACTURA PARA PODER GENERAR NC (FA  53162) 29/04/2026,pendiente
2026-04-27,6996,RODOLFO JARA,PRES,31041,2026-02-27,"MOTOR TRIF 0,25 HP",78.55,USD,CAMBIO POR OTRO MODELO,KEVIN,C,2026-04-29,1839,SEBASTIAN,,generada
2026-04-27,3194,OESTE EMBOTELLADORA S.A.,FA,54319,2026-04-27,MEDIA MALLA SIMPLE 100-1,5.36,USD,MAL PEDIDO POR EL CLIENTE,TUCCI,,2026-04-29,6021,SEBASTIAN,,generada
2026-04-28,4848,VERON MIGUEL ANGEL,FA,51968,2025-12-15,TOTAL,15.96,USD,SER REALIZA PRESUPUESTO,CARLOS,,2026-04-28,6011,SEBASTIAN,,generada
2026-04-28,188,AVICOLA LUJAN DE CUYO SA.,FA,54283,2026-04-24,motor trifasico 2hp 1500 RPM - B 34,180.02,USD,devuelve mercaderia,KEVIN,D,2026-04-24,6004,SEBASTIAN,,generada
2026-04-28,8860,FABRICA DE FIDEOS RIVOLI SA,FA,54342,2026-04-28,placa grilon,49.01,PESOS,se hizo en pesos y era en USD,DEBRA,E,2026-04-29,6022,SEBASTIAN,,generada
2026-04-28,8191,ALL NUTS SA,PRES,31554,2026-04-28,PALETAS BANDA MODULAR,360000,usd,mal facturado - presupuesto hecho en $,carlos,,2026-04-29,1837,FABIÁN,,generada
2026-04-29,5772,VISTANA TERRA S.A.,FA,54164,2026-04-16,"MOTOR TRIFASICO 0,5HP B34",103.1,USD,REFACTURADO EN PESOS,TUCCI,,2026-04-29,6025,SEBASTIAN,REFACTURADO EN FA 54357,generada
2026-04-29,4049,AGROWORK S.R.L.,FA,53003,2026-02-11,"PIÑON, CADENA, CORDON",120.97,USD,REFACTURADO EN PESOS,TUCCI,,2026-04-29,6026,SEBASTIAN,REFACTURADO EN FA 54358,generada
2026-04-29,4049,AGROWORK S.R.L.,FA,53870,2026-03-30,BANDA R6 X2,886.5,USD,REFACTURADO EN PESOS,TUCCI,,2026-04-29,6027,SEBASTIAN,REFACTURADO EN FA 54359,generada
2026-04-29,9300,TECNIDICCION S.A,FA,53612,2026-03-14,REDUCTOR 50 1/60 71B14,90.67,USD,DEVOLUCION,KEVIN,D,2026-04-29,6023,SEBASTIAN,SE LE INFORMÓ AL CLIENTE QUE PARA LA PROXIMA NO SE LE VA A ACEPTAR DEVOLUCION PASADOS LOS 30 DIAS,generada
2026-04-29,9300,TECNIDICCION S.A,FA,54280,2026-04-23,REDUCTOR 30 1/100 56B14,54.04,USD,CAMBIO,KEVIN,C,2026-04-29,6024,SEBASTIAN,,generada
2026-04-29,7185,INDELAR,FA,54289,2029-04-24,TOTAL,434.39,USD,SE HACE NUEVA FACTURA,COTIZACIONES,,2026-04-29,6032,SEBASTIAN,,generada
2026-04-29,4766,RAUL LUJAN S.A,FA,53711,2026-03-19,"MOTOR TRIFASICO 1,5HP 3000RPM B35",89.36,USD,DEVOLUCION,KEVIN,D,2026-04-29,6030,SEBASTIAN,SE LE INFORMÓ AL CLIENTE QUE PARA LA PROXIMA NO SE LE VA A ACEPTAR DEVOLUCION PASADOS LOS 30 DIAS,generada
2026-04-29,988,GOMEZ MARIA EUGENIA,FA,54234,2026-04-22,BRIDA LATERAL DE SALIDA 63 CORTA,8.58,USD,DEVOLUCION,KEVIN,D,2026-04-29,6031,SEBASTIAN,,generada
2026-04-29,5770,EXPRESO SAN JOSE S.A.,PRES,30888,2026-02-09,CORTE DE PLACA DELRIN,295.22,USD,FACTURARLO,KEVIN,,2026-05-06,1844,SEBASTIAN,,generada
2026-04-29,5773,ASERRADERO Y FABRICA DE ENVASES LOS ANDES SA,FA,0002-00054380,2026-04-29,Por el total,102.58,USD,se refacturo a ADMA,KEVIN,R,2026-05-19,6069,SEBASTIAN,,generada
2026-04-29,8879,CRESPI RICARDO GABRIEL,FB,0002-00000903,2026-04-29,por el total,1121.6,USD,se redacturo en FACTURA A,KEVIN,,,,,SE ENCARGA PERALTA,pendiente
2026-04-30,2064,VELO ARGENTINA S.A.,FA,0002-00054408,2026-04-30,por el total,569.6,USD,se refactura a razon social CMO,KEVIN,C,2026-04-30,6034,SEBASTIAN,,generada
2026-05-05,2906,CONSUMIDOR FINAL,pres,31591,2026-05-05,CENTRO DG - 125 MM,10500,PESOS,MAL FACTURADO,carlos,,,,,SE ENCARGA PERALTA,pendiente
2026-05-07,6585,TECNOLOGIA Y MAQUINARIAS SA,FA,0002-00054477,2026-05-06,por el total,100.66,USD,devuelve todo y cambia el pedido..se hace fc por nuevo pedido,KEVIN,D,2026-05-19,6070,SEBASTIAN,,generada
2026-05-07,7410,PRUNEXT INTERNATIONAL SAS,presupuesto,0002-00031553,2026-04-28,DEVUELVE SOLO EL RECORTE DE PP 50x320x300,44.26,USD,no lo ocupa,KEVIN,,,,,,pendiente
2026-05-08,6388,ABRAHAM ALEJANDRO CARRASCO,PRES,2-30861,2026-02-06,TOTAL,98,USD,EL CLIENTE NO RETIRÓ,NICOLAS,,2026-05-08,1846,SEBASTIAN,,generada
2026-05-08,6169,FINCA LA PRUDENCIA SRL,FA,53407,2026-03-05,TOTAL,928.54,USD,DEVOLUCION,KEVIN,,2026-05-08,6048,SEBASTIAN,,generada
2026-05-11,6967,HORACIO JAURE,PRES,31482,2026-04-20,BARRA GRILON,45.12,PESOS,SE FACTURÓ EN USD,carlos,E,2026-05-20,1860,SEBASTIAN,,generada
2026-05-11,7373,AGROPECUARIA DON GINO S.A.,FA,,,TOTAL,2000,USD,ERROR EN FACTURACION,COTIZACIONES,,,,,,pendiente
2026-05-11,8552,CONVERFRUT S.A.,pres,0002-00031638,2026-05-11,por el total,140.57,usd,se rehizo el presupuesto a nombre de ochionero,kevin,,2026-05-20,1859,SEBASTIAN,,generada
2026-05-11,3073,BALDASSO DANIEL GUSTAVO,pres,31226,2026-03-18,total,168.89,usd,anular pres y hacer factura,kevin,,2026-05-20,1858,SEBASTIAN,,generada
2025-05-12,7372,IMCO-STAMPI S.A.,fa,54339,2026-04-29,cadena dcurva inox sse881 tab k75,258.94,usd,faltaba enviar y se envio otra marca,cotizacion,,2026-05-18,6067,SEBASTIAN,nota de credito por 3.05 mts,generada
2026-05-12,253,BELWON ENRIQUE (CADE MEN),PRES,31550,2026-04-27,BARRA GRILON Ø 25 MM,35.24,usd,NO LO UTILIZARAN AL MATERIAL,CARLOS,E,2026-05-20,1857,SEBASTIAN,,generada
2026-05-13,10126,El JARILLAR S.A,FA,0002-00054509,2026-05-07,Devuelve solo el piñon z32 simple paso 3/,32396.69,PESOS,no le sirve esa medida,KEVIN,,2026-05-13,6056,SEBASTIAN,,generada
2026-05-13,9397,TANTRUN S.R.L,FA,52306,2026-01-06,ZORRA HIDRAULICA,431200,PESOS,DEVOLUCION,MARIANO,D,2026-05-13,6058,SEBASTIAN,,generada
2026-05-13,2987,EMBOT. DEL ATLANTICO S.A.,FA,54388,2026-04-29,MEDIA MALLA SIMPLE ASA 40 (3 UNI,1023.36,PESOS,DEVOLUCION,ANDRES,D,2026-05-20,6075,SEBASTIAN,,generada
2026-05-13,2987,EMBOT. DEL ATLANTICO S.A.,FA,54055,2026-04-09,MEDIA MALLA SIMPLE 16B1,1494.79,PESOS,DEVOLUCION,ANDRES,D,2026-05-20,6076,SEBASTIAN,,generada
2026-05-13,2987,EMBOT. DEL ATLANTICO S.A.,FA,53418,2026-03-06,UNION SIMPLE ASA 50,5214.74,PESOS,DEVOLUCION,ANDRES,D,2026-05-20,6077,SEBASTIAN,,generada
2026-05-14,5820,ARECSU S.A.,FA,54125,2026-04-14,MOTOR TRIFASI 2 HP,217.82,usd,CAMBIO POR MISMO DE 900 RPM,CARLOS,C,2026-05-20,6072,SEBASTIAN,,generada
2026-05-15,1003,GRANUVA S.R.L.,fa,54506,2026-05-07,"motovibrador 0,25 hp",562.5,usd,duplicado de facturacion,debra,E,2026-05-20,6073,SEBASTIAN,,generada
2026-05-14,7995,ALMABRAS SA,PRES,31086,2026-03-04,BONIFICACION 10%,123.46,USD,,GUSTAVO,,2026-05-14,1851,SEBASTIAN,,generada
2026-05-14,7995,ALMABRAS SA,PRES,31094,2026-03-05,BONIFICACION 10%,44.3,USD,,GUSTAVO,,2026-05-14,1852,SEBASTIAN,,generada
2026-05-14,7995,ALMABRAS SA,PRES,31147,2026-03-11,BONIFICACION 10%,17.61,USD,,GUSTAVO,,2026-05-14,1853,SEBASTIAN,,generada
2026-05-15,5655,JALISCO SA,FAC,54626,2026-05-15,TOTAL,265.6,USD,ERROR DE MATERIAL X CLIENTE,COTIZACIONES,E,2026-05-18,6066,SEBASTIAN,,generada
2026-05-15,5409,YACOMEC S.A.,FA,0002-00054585,2026-05-13,DEVUELVE SOLO EL RREDUCTOR MODELO 75 i:15 90b14,149,USD,cambia por otro reductor y se hace nueva factura,KEVIN,C,2026-05-19,6071,SEBASTIAN,,generada
2026-05-15,7121,F.M.A. COMPANY SAS,FA,0002-00054633,2026-05-15,por el total,24.96,PESOS,cambio de moneda,KEVIN,E,2026-05-20,6074,SEBASTIAN,,generada
2026-05-18,9486,GISPA SA,fa,54652,2026-05-18,por el total,811.37,usd,se debe facturar a otta razon,tucci,,,,,,pendiente
2026-05-20,2987,EMBOT. DEL ATLANTICO S.A.,FA,48550,2025-05-06,TOTAL (MOTOR WEG),,PESOS,DEVOLUCION,ANDRES,,,,,,pendiente
2026-05-21,4907,4L S.A.,fa,54670,2026-05-19,total,417.45,usd,le hicieron otro remito y otra fc. (54699),JONATAN,,,,,,pendiente
